delta_apples_to_oranges,locomo_rank,params.associative_boost,params.base_decay_rates.semantic,params.core_session_threshold,phase2_lti_fitness,phase2_trial,phase3_locomo_f1,rank,wall_seconds
-0.34626957284709187,1,0.07822509448619606,367.1169818675452,2,0.6531702484145578,23,0.306900675567466,1,674.2476749420166
-0.35191508888315787,2,0.07065307137745797,380.98934854470883,1,0.6527143200836296,34,0.30079923120047175,2,655.4018850326538
-0.35265308672273143,4,0.04869264820396496,190.23296528047905,3,0.6525026798719894,9,0.29984959314925796,3,601.9554390907288
-0.35181500461596255,3,0.050344503802249876,311.97429686220966,2,0.6525026798719894,16,0.30068767525602685,4,699.3926520347595
-0.3618451232638688,5,0.0700944743304967,371.2483917458217,2,0.6514424946868042,6,0.28959737142293535,5,716.5495090484619
