{
  "recall@5": 0.24832094796264176,
  "recall@5_count": 1535,
  "recall@10": 0.28474512458225815,
  "recall@10_count": 1535,
  "recall@20": 0.3174359450100921,
  "recall@20_count": 1535,
  "recall@60": 0.3558646942508541,
  "recall@60_count": 1535,
  "total_with_evidence": 1535,
  "total_with_retrieved": 1535,
  "by_category": {
    "multi-hop": {
      "recall@5": 0.22291666666666665,
      "recall@5_n": 320,
      "recall@10": 0.24739583333333334,
      "recall@10_n": 320,
      "recall@20": 0.26822916666666663,
      "recall@20_n": 320,
      "recall@60": 0.29166666666666663,
      "recall@60_n": 320
    },
    "temporal": {
      "recall@5": 0.14221014492753623,
      "recall@5_n": 92,
      "recall@10": 0.18931159420289856,
      "recall@10_n": 92,
      "recall@20": 0.21105072463768118,
      "recall@20_n": 92,
      "recall@60": 0.2659526854219949,
      "recall@60_n": 92
    },
    "single-hop": {
      "recall@5": 0.13743258317726403,
      "recall@5_n": 282,
      "recall@10": 0.1713963341622916,
      "recall@10_n": 282,
      "recall@20": 0.2181353744343666,
      "recall@20_n": 282,
      "recall@60": 0.29415363575497955,
      "recall@60_n": 282
    },
    "open-domain": {
      "recall@5": 0.30677764565992865,
      "recall@5_n": 841,
      "recall@10": 0.3474038842647642,
      "recall@10_n": 841,
      "recall@20": 0.3810939357907253,
      "recall@20_n": 841,
      "recall@60": 0.410820451843044,
      "recall@60_n": 841
    }
  }
}