{
  "v04_f1": 0.44366191005385747,
  "v05_f1": 0.46235066543747455,
  "f1_delta_pp": 1.8688755383617084,
  "v04_llm_acc": 0.5857142857142857,
  "v05_llm_acc": 0.612987012987013,
  "llm_acc_delta_pp": 2.7272727272727226,
  "n_questions": 1540,
  "verdict": "v0.5 ships valid"
}